{"stats":{"minecraft:used":{"minecraft:beetroot":17,"minecraft:stone_sword":4,"minecraft:stone_pickaxe":31,"minecraft:wooden_pickaxe":14,"minecraft:iron_chestplate":1,"immersiveweapons:copper_axe":1,"minecraft:dirt":3,"minecraft:crafting_table":3,"minecraft:wooden_axe":18,"minecraft:apple":3,"immersiveweapons:rusted_iron_block":4,"minecraft:iron_pickaxe":2,"minecraft:gunpowder":1,"minecraft:coal_block":1,"minecraft:cobblestone":1,"immersiveweapons:wall_shelf":2,"alexsmobs:animal_dictionary":1,"minecraft:coarse_dirt":3},"minecraft:crafted":{"minecraft:crafting_table":1,"minecraft:spruce_planks":6,"minecraft:iron_helmet":1,"minecraft:iron_sword":1,"minecraft:stone_axe":1,"minecraft:iron_boots":1,"minecraft:iron_chestplate":1,"minecraft:stick":4,"minecraft:iron_ingot":81,"minecraft:iron_pickaxe":1,"minecraft:stone_pickaxe":1,"minecraft:iron_block":6,"minecraft:iron_leggings":1},"minecraft:picked_up":{"minecraft:magma_block":2,"minecraft:coarse_dirt":4,"minecraft:crafting_table":3,"minecraft:wheat":3,"minecraft:feather":2,"minecraft:chicken":1,"projectvibrantjourneys:fallen_leaves":1,"immersiveweapons:copper_axe":1,"minecraft:potato":12,"immersiveweapons:pliers":1,"immersiveweapons:wall_shelf":2,"minecraft:gunpowder":2,"minecraft:dirt":4,"projectvibrantjourneys:spruce_hollow_log":1,"minecraft:moss_carpet":1,"immersiveweapons:iron_panel":1,"minecraft:bone":1,"minecraft:beetroot":3,"minecraft:wheat_seeds":9,"minecraft:stone_pickaxe":1,"minecraft:coal_block":6,"minecraft:book":3,"immersiveweapons:rusted_iron_block":6,"minecraft:stick":4,"minecraft:sweet_berries":3,"immersiveweapons:copper_sword":1,"minecraft:spruce_log":1,"minecraft:carrot":13,"minecraft:beetroot_seeds":9,"minecraft:iron_block":15,"minecraft:gold_ingot":1,"minecraft:cobblestone":7,"minecraft:nautilus_shell":1},"minecraft:dropped":{"minecraft:feather":2,"minecraft:book":3,"immersiveweapons:rusted_iron_block":2,"minecraft:dirt":1,"minecraft:gunpowder":1,"minecraft:wooden_axe":1,"minecraft:nautilus_shell":1,"minecraft:magma_block":2,"immersiveweapons:iron_panel":1,"minecraft:bone":1},"minecraft:mined":{"immersiveweapons:black_stained_bulletproof_glass":1,"projectvibrantjourneys:rocks":1,"minecraft:crafting_table":3,"projectvibrantjourneys:twigs":4,"minecraft:grass_block":4,"minecraft:coal_block":6,"minecraft:cobblestone":4,"immersiveweapons:iron_panel":1,"minecraft:magma_block":2,"minecraft:coarse_dirt":4,"immersiveweapons:wall_shelf":2,"minecraft:carrots":3,"minecraft:wheat":3,"projectvibrantjourneys:bones":1,"minecraft:spruce_log":1,"supplementaries:gunpowder":1,"projectvibrantjourneys:spruce_hollow_log":1,"minecraft:bookshelf":1,"minecraft:potatoes":3,"projectvibrantjourneys:short_grass":2,"minecraft:beetroots":3,"immersiveweapons:rusted_iron_block":6,"minecraft:stone":3,"minecraft:iron_block":15},"minecraft:killed":{"minecraft:spider":2,"minecraft:creeper":1,"minecraft:zombie":1,"minecraft:chicken":1},"minecraft:custom":{"minecraft:mob_kills":6,"minecraft:interact_with_crafting_table":5,"minecraft:open_barrel":2,"minecraft:leave_game":2,"minecraft:time_since_death":38183,"minecraft:sleep_in_bed":1,"minecraft:climb_one_cm":706,"minecraft:time_since_rest":6727,"minecraft:sprint_one_cm":59173,"minecraft:damage_taken":188,"minecraft:walk_one_cm":72295,"minecraft:drop":11,"minecraft:damage_dealt":949,"minecraft:fly_one_cm":131369,"minecraft:open_chest":7,"minecraft:crouch_one_cm":259,"minecraft:play_time":38183,"minecraft:sneak_time":160,"tombstone:undead_killed":1,"minecraft:jump":474,"minecraft:total_world_time":38183,"minecraft:fall_one_cm":9420}},"DataVersion":3465}