{"stats":{"minecraft:used":{"minecraft:stone_sword":23,"minecraft:waxed_weathered_copper":1,"minecraft:iron_shovel":97,"minecraft:chest":2,"minecraft:spruce_planks":205,"minecraft:iron_sword":73,"minecraft:wooden_shovel":22,"minecraft:rotten_flesh":1,"minecraft:iron_chestplate":1,"minecraft:torch":2,"minecraft:dirt":33,"minecraft:wheat":2,"minecraft:carrot":53,"thingamajigs:rubber_planks":43,"minecraft:wooden_axe":262,"minecraft:iron_axe":417,"minecraft:oak_sapling":12,"projectvibrantjourneys:cattail":6,"tombstone:gift":2,"minecraft:potato":53,"minecraft:wheat_seeds":12,"minecraft:cooked_mutton":1,"cyclic:flower_cyan":2,"minecraft:water_bucket":5,"minecraft:baked_potato":1,"minecraft:stone_pickaxe":49,"minecraft:mangrove_planks":24,"minecraft:lily_pad":3,"minecraft:wooden_pickaxe":32,"farmersdelight:onion":24,"minecraft:crafting_table":12,"minecraft:red_bed":4,"minecraft:spruce_log":11,"minecraft:oak_log":13,"minecraft:wooden_hoe":62,"minecraft:bread":57,"minecraft:cyan_bed":3,"minecraft:iron_pickaxe":177,"minecraft:spruce_sapling":7,"minecraft:cobblestone":10,"minecraft:porkchop":3,"minecraft:bucket":5,"minecraft:pumpkin_pie":4,"alexsmobs:animal_dictionary":1,"minecraft:bone_meal":1},"minecraft:crafted":{"minecraft:oak_planks":4,"minecraft:cooked_mutton":1,"thingamajigs:rubber_planks":112,"minecraft:iron_boots":1,"minecraft:iron_axe":3,"minecraft:stone_pickaxe":2,"minecraft:chest":3,"minecraft:wooden_shovel":1,"minecraft:crafting_table":12,"minecraft:spruce_planks":300,"minecraft:iron_helmet":1,"minecraft:baked_potato":1,"minecraft:iron_sword":1,"minecraft:mangrove_planks":24,"minecraft:bucket":2,"minecraft:iron_chestplate":1,"minecraft:wooden_hoe":4,"minecraft:stick":60,"minecraft:iron_ingot":117,"minecraft:iron_pickaxe":2,"minecraft:wooden_axe":4,"minecraft:iron_shovel":1,"minecraft:iron_leggings":1,"minecraft:torch":4},"minecraft:picked_up":{"minecraft:crafting_table":1,"minecraft:wheat":7,"minecraft:azure_bluet":1,"minecraft:brown_mushroom":1,"immersiveweapons:copper_axe":1,"minecraft:wooden_pickaxe":1,"immersiveweapons:pliers":1,"minecraft:string":2,"minecraft:red_bed":4,"minecraft:iron_axe":2,"immersiveweapons:iron_panel":5,"minecraft:white_carpet":1,"cyclic:flower_lime_carnation":2,"minecraft:beetroot":3,"ancient_elements:aetherial_shard":2,"minecraft:waxed_weathered_copper":1,"minecraft:spruce_planks":14,"minecraft:calcite":21,"minecraft:wooden_shovel":1,"minecraft:mangrove_log":6,"minecraft:dark_oak_sapling":10,"immersiveweapons:rusted_iron_block":6,"minecraft:stick":35,"minecraft:raw_iron":10,"projectvibrantjourneys:bark_mushroom":2,"minecraft:torch":1,"minecraft:spruce_fence":1,"minecraft:porkchop":4,"immersiveweapons:iron_panel_bars":3,"minecraft:carrot":40,"minecraft:stone_sword":1,"minecraft:arrow":4,"minecraft:rotten_flesh":11,"minecraft:beetroot_seeds":18,"minecraft:iron_block":18,"minecraft:stripped_dark_oak_wood":1,"projectvibrantjourneys:cattail":7,"minecraft:gold_ingot":1,"minecraft:mutton":2,"minecraft:snowball":32,"minecraft:white_wool":1,"minecraft:cobblestone":64,"minecraft:nautilus_shell":1,"minecraft:feather":2,"projectvibrantjourneys:fallen_leaves":2,"minecraft:black_bed":1,"minecraft:potato":27,"immersiveweapons:wall_shelf":2,"minecraft:oak_log":115,"minecraft:lily_pad":3,"minecraft:wooden_hoe":1,"skilltree:gem":4,"minecraft:dirt":122,"cyclic:flower_cyan":6,"minecraft:wheat_seeds":29,"minecraft:stone_pickaxe":1,"minecraft:iron_ingot":1,"minecraft:acacia_sapling":6,"minecraft:waxed_exposed_copper":8,"ancient_elements:aero_charge":3,"projectvibrantjourneys:light_brown_bark_mushroom":5,"immersiveweapons:copper_sword":1,"minecraft:stripped_spruce_log":2,"minecraft:spruce_sapling":69,"minecraft:blast_furnace":2,"minecraft:dark_oak_log":16,"minecraft:spruce_log":251,"minecraft:cyan_bed":3,"beachparty:rubber_ring_pelican":1,"minecraft:polished_andesite":3,"thingamajigs:rubber_log":28,"minecraft:bone_meal":1,"thingamajigs:rubber_planks":44,"minecraft:bread":1,"projectvibrantjourneys:orange_bark_mushroom":2,"minecraft:oak_sapling":14,"projectvibrantjourneys:twigs":1,"minecraft:coal":56,"minecraft:wooden_axe":2},"minecraft:dropped":{"minecraft:iron_ingot":1,"minecraft:stripped_spruce_log":2,"minecraft:brown_mushroom":1,"minecraft:wheat_seeds":7,"minecraft:dark_oak_sapling":10,"minecraft:cobblestone":1,"cyclic:flower_cyan":4,"minecraft:feather":2,"immersiveweapons:rusted_iron_block":6,"minecraft:black_bed":1,"immersiveweapons:copper_sword":1,"projectvibrantjourneys:orange_bark_mushroom":2,"minecraft:stick":26,"minecraft:dirt":13,"minecraft:waxed_exposed_copper":1,"minecraft:wooden_hoe":2,"minecraft:mutton":1,"projectvibrantjourneys:fallen_leaves":1,"minecraft:wooden_axe":2,"skilltree:gem":3,"minecraft:stripped_dark_oak_wood":1,"minecraft:snowball":17,"beachparty:rubber_ring_pelican":1,"tombstone:grave_dust":1,"minecraft:iron_axe":1,"minecraft:string":2,"immersiveweapons:iron_panel":5,"projectvibrantjourneys:bark_mushroom":2,"immersiveweapons:iron_panel_bars":3,"minecraft:stone_sword":2,"projectvibrantjourneys:twigs":1,"minecraft:rotten_flesh":10,"ancient_elements:aetherial_shard":2,"projectvibrantjourneys:light_brown_bark_mushroom":3,"immersiveweapons:copper_axe":1,"minecraft:oak_sapling":2,"minecraft:acacia_sapling":4,"minecraft:wooden_shovel":2,"minecraft:spruce_log":7,"minecraft:arrow":4,"projectvibrantjourneys:cattail":1,"minecraft:wooden_pickaxe":2,"minecraft:stone_pickaxe":2,"minecraft:nautilus_shell":1},"minecraft:mined":{"immersiveweapons:black_stained_bulletproof_glass":1,"minecraft:spruce_planks":13,"minecraft:mossy_cobblestone":1,"minecraft:cobblestone_stairs":3,"minecraft:dark_oak_log":17,"projectvibrantjourneys:rocks":1,"minecraft:grass_block":36,"minecraft:spruce_fence":1,"immersiveweapons:iron_panel_bars":2,"minecraft:spruce_leaves":13,"thingamajigs:rubber_planks":2,"minecraft:waxed_weathered_copper":1,"immersiveweapons:iron_panel":5,"minecraft:spawner":1,"minecraft:hay_block":10,"minecraft:large_fern":1,"minecraft:black_stained_glass_pane":5,"immersiveweapons:wall_shelf":2,"minecraft:spruce_sapling":3,"minecraft:carrots":10,"minecraft:iron_ore":8,"minecraft:snow":9,"minecraft:stripped_spruce_log":2,"minecraft:pumpkin":1,"minecraft:azure_bluet":1,"minecraft:stripped_dark_oak_wood":1,"cyclic:flower_cyan":4,"minecraft:potatoes":5,"minecraft:dirt_path":8,"minecraft:deepslate_iron_ore":2,"minecraft:stripped_oak_log":1,"minecraft:waxed_exposed_copper":9,"minecraft:stone":57,"minecraft:iron_block":19,"minecraft:player_head":1,"minecraft:waxed_cut_copper_stairs":1,"projectvibrantjourneys:cattail":7,"cyclic:flower_lime_carnation":3,"minecraft:brown_mushroom":1,"minecraft:glass_pane":1,"minecraft:red_bed":4,"minecraft:oak_fence":1,"minecraft:crafting_table":1,"minecraft:torch":1,"projectvibrantjourneys:twigs":1,"minecraft:blast_furnace":3,"minecraft:calcite":21,"minecraft:poppy":1,"minecraft:tall_grass":7,"minecraft:cobblestone":20,"minecraft:cyan_bed":3,"minecraft:lily_pad":3,"projectvibrantjourneys:fallen_leaves":1,"minecraft:wall_torch":1,"minecraft:seagrass":1,"projectvibrantjourneys:light_brown_bark_mushroom":1,"minecraft:wheat":10,"minecraft:sweet_berry_bush":8,"minecraft:ice":3,"minecraft:spruce_log":327,"minecraft:black_bed":1,"thingamajigs:rubber_log":36,"minecraft:oak_log":126,"minecraft:grass":25,"minecraft:mangrove_slab":1,"minecraft:coal_ore":56,"projectvibrantjourneys:short_grass":41,"minecraft:beetroots":3,"projectvibrantjourneys:pinecones":2,"minecraft:dirt":70,"minecraft:mangrove_log":7,"immersiveweapons:rusted_iron_block":6,"minecraft:polished_andesite":3,"projectvibrantjourneys:oak_hollow_log":2,"minecraft:oak_leaves":1,"minecraft:fern":1,"paraglider:goddess_statue":1},"minecraft:killed":{"alexsmobs:hummingbird":1,"alexsmobs:raccoon":1,"alexsmobs:seagull":1,"minecraft:skeleton":2,"minecraft:pig":4,"alexsmobs:skunk":1,"ancient_elements:aetherial_glaze":1,"minecraft:creeper":1,"minecraft:sheep":3,"minecraft:zombie":3,"alexsmobs:crow":2},"minecraft:custom":{"minecraft:interact_with_anvil":1,"minecraft:mob_kills":20,"minecraft:interact_with_crafting_table":22,"minecraft:open_barrel":8,"minecraft:damage_dealt_resisted":0,"minecraft:leave_game":6,"minecraft:time_since_death":134308,"minecraft:climb_one_cm":1942,"minecraft:damage_resisted":0,"minecraft:sprint_one_cm":398827,"minecraft:walk_one_cm":786227,"minecraft:drop":78,"minecraft:play_noteblock":14,"minecraft:talked_to_villager":6,"minecraft:play_time":150879,"minecraft:deaths":1,"minecraft:sneak_time":1280,"minecraft:walk_under_water_one_cm":45930,"minecraft:jump":3932,"minecraft:interact_with_blast_furnace":1,"minecraft:walk_on_water_one_cm":132289,"minecraft:total_world_time":150879,"minecraft:interact_with_furnace":5,"minecraft:interact_with_cartography_table":1,"minecraft:tune_noteblock":1,"minecraft:interact_with_stonecutter":1,"minecraft:sleep_in_bed":9,"minecraft:time_since_rest":25751,"minecraft:damage_taken":7168,"minecraft:damage_dealt":3553,"minecraft:swim_one_cm":217288,"minecraft:fly_one_cm":813385,"minecraft:open_chest":19,"minecraft:crouch_one_cm":6013,"tombstone:undead_killed":5,"minecraft:fall_one_cm":172804},"minecraft:broken":{"minecraft:iron_axe":1,"minecraft:wooden_axe":3}},"DataVersion":3465}