{"stats":{"minecraft:broken":{"minecraft:wooden_axe":3},"minecraft:used":{"minecraft:stone_sword":23,"minecraft:waxed_weathered_copper":1,"minecraft:spruce_planks":205,"minecraft:iron_sword":71,"minecraft:wooden_shovel":22,"minecraft:rotten_flesh":1,"minecraft:iron_chestplate":1,"minecraft:torch":1,"minecraft:carrot":6,"thingamajigs:rubber_planks":35,"minecraft:wooden_axe":262,"minecraft:iron_axe":28,"tombstone:gift":2,"minecraft:potato":49,"minecraft:cooked_mutton":1,"minecraft:stone_pickaxe":49,"minecraft:mangrove_planks":24,"minecraft:wooden_pickaxe":32,"minecraft:crafting_table":8,"minecraft:red_bed":4,"minecraft:spruce_log":11,"minecraft:wooden_hoe":34,"minecraft:cyan_bed":1,"minecraft:bread":57,"minecraft:iron_pickaxe":93,"minecraft:spruce_sapling":7,"minecraft:pumpkin_pie":4,"alexsmobs:animal_dictionary":1},"minecraft:dropped":{"minecraft:iron_ingot":1,"minecraft:stripped_spruce_log":2,"minecraft:brown_mushroom":1,"cyclic:flower_cyan":2,"minecraft:feather":2,"immersiveweapons:rusted_iron_block":6,"minecraft:black_bed":1,"immersiveweapons:copper_sword":1,"projectvibrantjourneys:orange_bark_mushroom":2,"minecraft:stick":21,"minecraft:dirt":13,"minecraft:wooden_hoe":2,"minecraft:mutton":1,"minecraft:wooden_axe":2,"skilltree:gem":3,"minecraft:stripped_dark_oak_wood":1,"minecraft:snowball":17,"beachparty:rubber_ring_pelican":1,"tombstone:grave_dust":1,"minecraft:iron_axe":1,"minecraft:string":2,"immersiveweapons:iron_panel":5,"projectvibrantjourneys:bark_mushroom":2,"immersiveweapons:iron_panel_bars":3,"minecraft:stone_sword":1,"minecraft:rotten_flesh":10,"projectvibrantjourneys:light_brown_bark_mushroom":3,"immersiveweapons:copper_axe":1,"minecraft:wooden_shovel":1,"minecraft:spruce_log":7,"minecraft:arrow":4,"minecraft:wooden_pickaxe":2,"minecraft:stone_pickaxe":2,"minecraft:nautilus_shell":1},"minecraft:killed":{"alexsmobs:hummingbird":1,"alexsmobs:seagull":1,"minecraft:skeleton":2,"minecraft:pig":4,"ancient_elements:aetherial_glaze":1,"minecraft:creeper":1,"minecraft:sheep":2,"minecraft:zombie":3,"alexsmobs:crow":1},"minecraft:custom":{"minecraft:interact_with_anvil":1,"minecraft:mob_kills":16,"minecraft:interact_with_crafting_table":14,"minecraft:open_barrel":8,"minecraft:damage_dealt_resisted":0,"minecraft:leave_game":5,"minecraft:time_since_death":77550,"minecraft:climb_one_cm":1838,"minecraft:damage_resisted":0,"minecraft:sprint_one_cm":277116,"minecraft:walk_one_cm":559168,"minecraft:drop":60,"minecraft:play_noteblock":14,"minecraft:talked_to_villager":1,"minecraft:play_time":94121,"minecraft:deaths":1,"minecraft:sneak_time":1030,"minecraft:walk_under_water_one_cm":26110,"minecraft:jump":2450,"minecraft:walk_on_water_one_cm":59252,"minecraft:total_world_time":94121,"minecraft:interact_with_furnace":5,"minecraft:interact_with_cartography_table":1,"minecraft:tune_noteblock":1,"minecraft:sleep_in_bed":7,"minecraft:time_since_rest":1775,"minecraft:damage_taken":4436,"minecraft:damage_dealt":3054,"minecraft:swim_one_cm":95827,"minecraft:fly_one_cm":446533,"minecraft:open_chest":15,"minecraft:crouch_one_cm":4449,"tombstone:undead_killed":5,"minecraft:fall_one_cm":105113},"minecraft:crafted":{"minecraft:cooked_mutton":1,"thingamajigs:rubber_planks":44,"minecraft:iron_boots":1,"minecraft:iron_axe":1,"minecraft:stone_pickaxe":2,"minecraft:wooden_shovel":1,"minecraft:crafting_table":8,"minecraft:spruce_planks":296,"minecraft:iron_helmet":1,"minecraft:baked_potato":1,"minecraft:iron_sword":1,"minecraft:mangrove_planks":24,"minecraft:iron_chestplate":1,"minecraft:wooden_hoe":3,"minecraft:stick":20,"minecraft:iron_pickaxe":2,"minecraft:iron_ingot":117,"minecraft:wooden_axe":4,"minecraft:iron_leggings":1},"minecraft:mined":{"immersiveweapons:black_stained_bulletproof_glass":1,"minecraft:spruce_planks":13,"minecraft:spruce_fence":1,"minecraft:grass_block":3,"immersiveweapons:iron_panel_bars":2,"minecraft:spruce_leaves":9,"minecraft:waxed_weathered_copper":1,"immersiveweapons:iron_panel":5,"minecraft:spawner":1,"minecraft:large_fern":1,"minecraft:black_stained_glass_pane":5,"immersiveweapons:wall_shelf":2,"minecraft:spruce_sapling":3,"minecraft:carrots":3,"minecraft:iron_ore":8,"minecraft:snow":9,"minecraft:stripped_spruce_log":1,"minecraft:pumpkin":1,"minecraft:stripped_dark_oak_wood":1,"cyclic:flower_cyan":2,"minecraft:potatoes":3,"minecraft:deepslate_iron_ore":2,"minecraft:waxed_exposed_copper":8,"minecraft:stone":52,"minecraft:iron_block":13,"minecraft:player_head":1,"minecraft:waxed_cut_copper_stairs":1,"minecraft:brown_mushroom":1,"minecraft:glass_pane":1,"minecraft:red_bed":4,"minecraft:crafting_table":1,"minecraft:torch":1,"projectvibrantjourneys:twigs":1,"minecraft:blast_furnace":3,"minecraft:calcite":21,"minecraft:poppy":1,"minecraft:tall_grass":5,"minecraft:cobblestone":2,"minecraft:cyan_bed":2,"minecraft:wall_torch":1,"minecraft:wheat":3,"minecraft:sweet_berry_bush":8,"minecraft:ice":3,"minecraft:spruce_log":181,"minecraft:black_bed":1,"thingamajigs:rubber_log":36,"minecraft:grass":3,"minecraft:mangrove_slab":1,"minecraft:coal_ore":18,"projectvibrantjourneys:short_grass":11,"minecraft:beetroots":3,"projectvibrantjourneys:pinecones":2,"minecraft:dirt":11,"minecraft:mangrove_log":7,"immersiveweapons:rusted_iron_block":6,"minecraft:polished_andesite":3,"minecraft:fern":1},"minecraft:picked_up":{"minecraft:crafting_table":1,"minecraft:brown_mushroom":1,"immersiveweapons:copper_axe":1,"minecraft:wooden_pickaxe":1,"immersiveweapons:pliers":1,"minecraft:string":2,"minecraft:red_bed":4,"minecraft:iron_axe":2,"immersiveweapons:iron_panel":5,"minecraft:white_carpet":1,"minecraft:beetroot":3,"ancient_elements:aetherial_shard":2,"minecraft:waxed_weathered_copper":1,"minecraft:spruce_planks":14,"minecraft:calcite":21,"minecraft:wooden_shovel":1,"minecraft:mangrove_log":6,"immersiveweapons:rusted_iron_block":6,"minecraft:stick":28,"minecraft:raw_iron":10,"projectvibrantjourneys:bark_mushroom":2,"minecraft:torch":1,"minecraft:spruce_fence":1,"minecraft:porkchop":4,"immersiveweapons:iron_panel_bars":3,"minecraft:carrot":12,"minecraft:stone_sword":1,"minecraft:arrow":4,"minecraft:rotten_flesh":11,"minecraft:beetroot_seeds":18,"minecraft:iron_block":13,"minecraft:stripped_dark_oak_wood":1,"minecraft:gold_ingot":1,"minecraft:mutton":2,"minecraft:snowball":32,"minecraft:white_wool":1,"minecraft:cobblestone":48,"minecraft:nautilus_shell":1,"minecraft:feather":2,"minecraft:black_bed":1,"minecraft:potato":19,"immersiveweapons:wall_shelf":2,"minecraft:wooden_hoe":1,"skilltree:gem":4,"minecraft:dirt":25,"cyclic:flower_cyan":2,"minecraft:wheat_seeds":2,"minecraft:stone_pickaxe":1,"minecraft:iron_ingot":1,"minecraft:acacia_sapling":2,"minecraft:waxed_exposed_copper":7,"ancient_elements:aero_charge":3,"projectvibrantjourneys:light_brown_bark_mushroom":3,"immersiveweapons:copper_sword":1,"minecraft:stripped_spruce_log":2,"minecraft:spruce_sapling":49,"minecraft:blast_furnace":2,"minecraft:spruce_log":145,"minecraft:cyan_bed":2,"beachparty:rubber_ring_pelican":1,"minecraft:polished_andesite":3,"thingamajigs:rubber_log":28,"minecraft:bread":1,"projectvibrantjourneys:orange_bark_mushroom":2,"minecraft:coal":18,"minecraft:wooden_axe":2}},"DataVersion":3465}