{"stats":{"minecraft:picked_up":{"minecraft:wooden_axe":2,"minecraft:stick":38,"immersive_aircraft:cargo_airship":2,"minecraft:clay_ball":15,"tombstone:grave_key":1,"minecraft:spruce_sapling":24,"minecraft:diorite":1,"minecraft:spruce_log":143,"projectvibrantjourneys:rocks":1,"minecraft:dirt":2,"minecraft:moss_carpet":10,"minecraft:raw_copper":4,"minecraft:flint_and_steel":1,"minecraft:tnt":50,"minecraft:spruce_fence_gate":1,"minecraft:wheat_seeds":1,"minecraft:cobbled_deepslate":9,"tmg:scythe":1,"minecraft:spruce_planks":5,"minecraft:granite":4,"infinite_abyss:wither_artefact":1,"minecraft:azalea":4,"minecraft:moss_block":14,"minecraft:flowering_azalea":3,"minecraft:cobblestone":9},"minecraft:used":{"minecraft:moss_block":1,"minecraft:wooden_axe":208,"minecraft:moss_carpet":3,"minecraft:flint_and_steel":4,"ancient_elements:cosmic_collider_bomb":2,"infinite_abyss:wither_artefact":17,"ancient_elements:inferno_fusion_bomb":10,"tmg:scythe":5,"immersive_aircraft:cargo_airship":1,"minecraft:golden_apple":16,"minecraft:dirt":2,"minecraft:crafting_table":1,"tombstone:gift":2,"alexsmobs:animal_dictionary":1,"alexscaves:nuclear_bomb":1,"minecraft:spruce_log":37},"minecraft:crafted":{"minecraft:crafting_table":1,"minecraft:spruce_planks":164,"minecraft:stick":46,"minecraft:wooden_axe":5},"minecraft:mined":{"minecraft:spruce_log":178,"minecraft:moss_carpet":3,"minecraft:clay":2,"minecraft:grass":5,"minecraft:grass_block":1,"projectvibrantjourneys:short_grass":1,"minecraft:packed_ice":2,"minecraft:tall_grass":1,"minecraft:azalea":2,"minecraft:spruce_leaves":8,"minecraft:moss_block":15,"minecraft:fern":7},"minecraft:broken":{"minecraft:wooden_axe":2},"minecraft:dropped":{"minecraft:moss_block":13,"tombstone:grave_key":2,"minecraft:wooden_axe":2,"tombstone:grave_dust":1,"minecraft:clay_ball":11,"minecraft:flowering_azalea":3,"minecraft:golden_apple":10,"alexscaves:nuclear_bomb":1},"minecraft:killed_by":{"ancient_elements:aetherial_glaze":1},"minecraft:custom":{"minecraft:time_since_rest":3576,"minecraft:walk_one_cm":142527,"minecraft:sprint_one_cm":59,"minecraft:damage_taken":12073,"minecraft:damage_absorbed":380,"minecraft:drop":43,"minecraft:damage_dealt":655,"minecraft:interact_with_crafting_table":4,"minecraft:fly_one_cm":96280,"minecraft:player_kills":1,"minecraft:open_chest":5,"minecraft:crouch_one_cm":939,"minecraft:play_time":44122,"minecraft:deaths":3,"minecraft:sneak_time":1756,"minecraft:walk_under_water_one_cm":30100,"minecraft:jump":401,"minecraft:leave_game":2,"minecraft:time_since_death":5917,"minecraft:walk_on_water_one_cm":23801,"minecraft:total_world_time":44122,"minecraft:fall_one_cm":23023}},"DataVersion":3465}