{"stats":{"minecraft:picked_up":{"minecraft:crafting_table":1,"minecraft:chicken":1,"minecraft:clay_ball":67,"minecraft:andesite":8,"minecraft:tuff":27,"paraglider:heart_container":64,"minecraft:lapis_lazuli":7,"minecraft:dirt":55,"minecraft:moss_carpet":1,"minecraft:raw_copper":15,"minecraft:wheat_seeds":2,"minecraft:cobbled_deepslate":179,"minecraft:spruce_planks":2,"minecraft:moss_block":3,"minecraft:chest":2,"farmersdelight:cabbage_seeds":1,"minecraft:furnace":2,"minecraft:egg":2,"minecraft:stick":4,"minecraft:raw_iron":19,"tmg:ancient_pickaxe_charging":1,"minecraft:big_dripleaf":8,"minecraft:gravel":1,"alexscaves:nuclear_bomb":1,"ancient_elements:raw_tin":1,"minecraft:spruce_sapling":6,"minecraft:diorite":15,"minecraft:spruce_log":16,"immersive_aircraft:eco_engine":1,"minecraft:pumpkin_seeds":5,"minecraft:purple_bed":1,"tmg:phantom_ring":1,"minecraft:granite":4,"supplementaries:ash":1,"alexsmobs:maggot":1,"minecraft:coal":1,"minecraft:cobblestone":233},"minecraft:used":{"minecraft:diorite":1,"minecraft:stone_sword":14,"ancient_elements:cosmic_collider_bomb":6,"minecraft:stone_pickaxe":48,"minecraft:spruce_planks":86,"minecraft:chest":2,"minecraft:wooden_pickaxe":6,"infinite_abyss:wither_artefact":7,"minecraft:cooked_chicken":1,"minecraft:dirt":37,"minecraft:crafting_table":1,"thingamajigs:tnt_threat":4,"tmg:ancient_pickaxe_charging":8,"minecraft:bread":5,"alexscaves:tesla_bulb":3,"minecraft:cobblestone":59,"minecraft:purple_bed":1,"minecraft:furnace":2,"tombstone:gift":1,"alexsmobs:animal_dictionary":9,"alexscaves:nuclear_bomb":70},"minecraft:crafted":{"minecraft:crafting_table":1,"minecraft:spruce_planks":112,"minecraft:iron_helmet":1,"minecraft:wooden_pickaxe":1,"minecraft:cooked_chicken":1,"minecraft:furnace":1,"minecraft:air":0,"minecraft:shield":1,"minecraft:stick":4,"minecraft:iron_ingot":7,"minecraft:stone_pickaxe":1,"minecraft:stone_sword":1},"minecraft:mined":{"minecraft:spruce_planks":2,"minecraft:crafting_table":1,"minecraft:grass_block":8,"minecraft:chest":2,"minecraft:cobblestone":6,"minecraft:spruce_leaves":2,"minecraft:diorite":5,"minecraft:big_dripleaf":1,"minecraft:purple_bed":1,"minecraft:furnace":2,"minecraft:iron_ore":18,"minecraft:spruce_log":12,"minecraft:big_dripleaf_stem":2,"alexscaves:nuclear_bomb":1,"projectvibrantjourneys:short_grass":2,"minecraft:dirt_path":9,"minecraft:dirt":7,"minecraft:packed_ice":1,"minecraft:stone":21},"minecraft:killed":{"minecraft:zombie":2,"minecraft:chicken":1},"minecraft:dropped":{"minecraft:stone_sword":1,"infinite_abyss:wither_artefact":1,"minecraft:shield":1},"minecraft:killed_by":{"minecraft:player":1},"minecraft:custom":{"minecraft:interact_with_furnace":10,"minecraft:mob_kills":3,"minecraft:interact_with_crafting_table":11,"minecraft:interact_with_cartography_table":1,"minecraft:time_since_death":5925,"minecraft:sleep_in_bed":1,"minecraft:climb_one_cm":233,"minecraft:time_since_rest":4043,"minecraft:sprint_one_cm":46318,"minecraft:damage_taken":9825,"minecraft:walk_one_cm":89778,"minecraft:drop":3,"minecraft:damage_dealt":316,"minecraft:swim_one_cm":17891,"minecraft:talked_to_villager":3,"minecraft:fly_one_cm":396721,"minecraft:open_chest":9,"minecraft:crouch_one_cm":8506,"minecraft:play_time":52630,"tombstone:undead_killed":2,"minecraft:deaths":3,"minecraft:sneak_time":2228,"minecraft:walk_under_water_one_cm":27125,"minecraft:jump":493,"minecraft:walk_on_water_one_cm":9639,"minecraft:total_world_time":52630,"minecraft:fall_one_cm":33654}},"DataVersion":3465}