{"stats":{"minecraft:used":{"minecraft:wooden_pickaxe":35,"minecraft:stone_axe":2,"minecraft:dirt":1,"minecraft:crafting_table":3,"minecraft:furnace":1,"alexsmobs:animal_dictionary":2},"minecraft:picked_up":{"minecraft:stick":4,"minecraft:crafting_table":3,"minecraft:spruce_sapling":10,"minecraft:spruce_log":7,"minecraft:string":1,"minecraft:spider_eye":1,"minecraft:dirt":17,"minecraft:spruce_planks":21,"minecraft:cobblestone":34,"minecraft:furnace":1},"minecraft:crafted":{"minecraft:crafting_table":1,"minecraft:spruce_planks":28,"minecraft:wooden_pickaxe":1,"minecraft:furnace":1,"minecraft:stone_axe":1},"minecraft:killed":{"minecraft:spider":1},"minecraft:custom":{"minecraft:time_since_rest":1,"minecraft:interact_with_furnace":1,"minecraft:sprint_one_cm":25167,"minecraft:damage_taken":240,"minecraft:walk_one_cm":36322,"minecraft:mob_kills":1,"minecraft:damage_dealt":20,"minecraft:swim_one_cm":4408,"minecraft:interact_with_crafting_table":6,"minecraft:fly_one_cm":39996,"minecraft:crouch_one_cm":109,"minecraft:play_time":15573,"minecraft:deaths":1,"minecraft:sneak_time":81,"minecraft:jump":206,"minecraft:walk_on_water_one_cm":2141,"minecraft:leave_game":2,"minecraft:time_since_death":112,"minecraft:total_world_time":15573,"minecraft:fall_one_cm":9555},"minecraft:mined":{"minecraft:furnace":1,"minecraft:spruce_log":7,"minecraft:crafting_table":3,"minecraft:grass_block":3,"minecraft:dirt":14,"minecraft:spruce_leaves":1,"minecraft:stone":34}},"DataVersion":3465}