{"stats":{"minecraft:picked_up":{"minecraft:clay_ball":132,"minecraft:andesite":25,"ancient_elements:raw_lead":1,"minecraft:flint":3,"minecraft:tuff":43,"minecraft:oak_log":8,"tombstone:grave_key":1,"minecraft:lapis_lazuli":13,"minecraft:dirt":17,"minecraft:raw_copper":12,"minecraft:cobbled_deepslate":310,"minecraft:raw_gold":1,"minecraft:azalea":4,"minecraft:moss_block":4,"minecraft:sugar_cane":5,"minecraft:flowering_azalea":1,"projectvibrantjourneys:light_brown_bark_mushroom":1,"minecraft:stick":3,"minecraft:raw_iron":3,"minecraft:smooth_basalt":1,"projectvibrantjourneys:bark_mushroom":1,"minecraft:gravel":12,"tombstone:grave_dust":1,"minecraft:diorite":18,"immersive_aircraft:eco_engine":1,"minecraft:tropical_fish":1,"minecraft:granite":30,"minecraft:coal":3,"minecraft:cobblestone":231},"minecraft:used":{"minecraft:flint_and_steel":74,"immersive_aircraft:airship":2,"minecraft:oak_planks":32,"minecraft:spruce_planks":4,"immersive_aircraft:warship":1,"immersive_aircraft:quadrocopter":4,"immersive_aircraft:cargo_airship":1,"alexscaves:tremorzilla_egg":1,"paraglider:goddess_statue":1,"minecraft:crafting_table":1,"minecraft:wooden_axe":13,"tmg:the_imp_spawn_egg":1,"alexsmobs:spawn_egg_platypus":1,"iwannaskate:skateboard":2,"minecraft:bread":5,"minecraft:cobblestone":21,"immersive_aircraft:gyrodyne":2,"tombstone:gift":2,"immersive_aircraft:biplane":6,"alexscaves:nuclear_bomb":13},"minecraft:crafted":{"minecraft:oak_planks":32,"minecraft:crafting_table":1,"minecraft:spruce_planks":16,"minecraft:stick":4,"minecraft:iron_ingot":1,"minecraft:wooden_axe":1},"minecraft:mined":{"minecraft:moss_block":1,"projectvibrantjourneys:light_brown_bark_mushroom":1,"minecraft:oak_log":8,"minecraft:azalea_leaves":1,"minecraft:azalea":1,"projectvibrantjourneys:seashells":1},"minecraft:dropped":{"tmg:ancient_pickaxe_charging":1,"minecraft:moss_block":1,"tmg:phantom_ring":1,"alexsmobs:spawn_egg_platypus":1,"minecraft:flint_and_steel":1,"minecraft:spruce_fence_gate":1,"immersive_aircraft:gyrodyne":1,"tmg:scythe":1,"tombstone:grave_key":1,"paraglider:heart_container":64,"minecraft:azalea":1,"tombstone:grave_dust":2,"immersive_aircraft:eco_engine":9,"immersive_aircraft:cargo_airship":1,"projectvibrantjourneys:bark_mushroom":1},"minecraft:custom":{"minecraft:interact_with_furnace":1,"minecraft:interact_with_crafting_table":2,"minecraft:leave_game":2,"minecraft:time_since_death":43566,"minecraft:time_since_rest":43363,"minecraft:sprint_one_cm":31259,"minecraft:damage_taken":700,"minecraft:walk_one_cm":86384,"minecraft:drop":24,"minecraft:damage_dealt":292,"minecraft:swim_one_cm":20122,"minecraft:fly_one_cm":1154555,"minecraft:open_chest":1,"minecraft:crouch_one_cm":2944,"minecraft:play_time":55756,"minecraft:deaths":1,"minecraft:sneak_time":2546,"minecraft:walk_under_water_one_cm":10949,"minecraft:jump":464,"minecraft:walk_on_water_one_cm":12765,"minecraft:total_world_time":55756,"minecraft:fall_one_cm":8604}},"DataVersion":3465}