{"stats":{"minecraft:dropped":{"minecraft:sugar_cane":6,"minecraft:spruce_log":11},"minecraft:used":{"minecraft:wooden_axe":41,"minecraft:spruce_planks":7,"minecraft:wooden_pickaxe":12,"immersiveweapons:copper_axe":2,"minecraft:dirt":4,"minecraft:crafting_table":2,"tombstone:gift":1,"alexsmobs:animal_dictionary":1},"minecraft:picked_up":{"minecraft:stick":3,"minecraft:dripstone_block":10,"minecraft:gravel":2,"minecraft:spruce_sapling":6,"minecraft:spruce_log":34,"minecraft:dirt":4,"thingamajigs:rubber_log":24,"projectvibrantjourneys:twigs":1,"minecraft:sugar_cane":6,"minecraft:snowball":6,"thingamajigs:rubber_sapling":1},"minecraft:crafted":{"thingamajigs:rubber_planks":12,"minecraft:crafting_table":2,"minecraft:spruce_planks":92,"minecraft:stick":4,"minecraft:wooden_pickaxe":1,"minecraft:wooden_axe":1,"thingamajigs:rubber_wood":3},"minecraft:killed":{"minecraft:zombie":1,"immersiveweapons:wandering_warrior":1},"minecraft:custom":{"minecraft:time_since_rest":4391,"minecraft:sprint_one_cm":60068,"minecraft:damage_taken":520,"minecraft:walk_one_cm":63137,"minecraft:mob_kills":2,"minecraft:drop":7,"minecraft:damage_dealt":528,"minecraft:interact_with_crafting_table":4,"minecraft:swim_one_cm":6981,"minecraft:fly_one_cm":159789,"minecraft:open_barrel":2,"minecraft:crouch_one_cm":1380,"minecraft:play_time":27316,"minecraft:deaths":2,"minecraft:sneak_time":804,"minecraft:walk_under_water_one_cm":2732,"minecraft:jump":597,"minecraft:leave_game":9,"minecraft:walk_on_water_one_cm":1956,"minecraft:time_since_death":5849,"minecraft:sleep_in_bed":1,"minecraft:total_world_time":27316,"minecraft:fall_one_cm":19132},"minecraft:mined":{"minecraft:spruce_log":23,"thingamajigs:rubber_log":26,"minecraft:grass":2,"minecraft:grass_block":4,"minecraft:gravel":2,"minecraft:dripstone_block":12}},"DataVersion":3465}