{"stats":{"minecraft:killed":{"minecraft:skeleton":5,"minecraft:cave_spider":5,"minecraft:spider":7,"immersiveweapons:wandering_warrior":1},"minecraft:mined":{"minecraft:spruce_log":3},"minecraft:dropped":{"minecraft:cobweb":1,"minecraft:wooden_axe":1,"minecraft:string":6},"minecraft:used":{"minecraft:calcite":1,"minecraft:netherite_sword":77,"minecraft:wooden_axe":4,"minecraft:cyan_carpet":2,"minecraft:oak_sign":5,"minecraft:chest":5,"immersiveweapons:stardust_door":1,"minecraft:spruce_planks":1,"supplementaries:gold_door":1,"minecraft:smooth_quartz":10,"minecraft:glow_ink_sac":4,"supplementaries:candy":1,"minecraft:torch":59,"minecraft:spruce_stairs":40,"minecraft:dark_oak_planks":62},"minecraft:custom":{"minecraft:time_since_rest":36751,"minecraft:damage_taken":40,"minecraft:sprint_one_cm":25097,"minecraft:walk_one_cm":90994,"minecraft:mob_kills":18,"minecraft:drop":3,"minecraft:damage_dealt":6213,"minecraft:fly_one_cm":161157,"minecraft:open_chest":26,"minecraft:crouch_one_cm":376,"minecraft:play_time":36751,"tombstone:undead_killed":5,"minecraft:sneak_time":800,"minecraft:walk_under_water_one_cm":706,"minecraft:damage_dealt_resisted":1730,"minecraft:jump":257,"minecraft:leave_game":2,"minecraft:time_since_death":36751,"minecraft:walk_on_water_one_cm":309,"minecraft:total_world_time":36751,"minecraft:climb_one_cm":508,"minecraft:fall_one_cm":2331},"minecraft:picked_up":{"minecraft:wooden_axe":1,"minecraft:stick":2,"minecraft:wheat":1,"beachparty:rubber_ring_axolotl":2,"minecraft:chainmail_boots":2,"minecraft:golden_carrot":9,"immersiveweapons:copper_sword":1,"minecraft:leather":2,"minecraft:torch":4,"minecraft:enchanted_book":1,"minecraft:spruce_sapling":4,"minecraft:spruce_log":3,"minecraft:gunpowder":18,"minecraft:redstone":3,"immersiveweapons:copper_ring":2,"minecraft:spider_eye":2,"minecraft:music_disc_cat":2,"minecraft:string":19,"minecraft:mossy_cobblestone":1,"minecraft:name_tag":1,"beachparty:rubber_ring_pelican":2,"minecraft:bone":11,"minecraft:pumpkin_seeds":2,"minecraft:arrow":6,"minecraft:rotten_flesh":8,"minecraft:beetroot":1,"minecraft:diamond":5,"minecraft:beetroot_seeds":4,"minecraft:chainmail_leggings":1,"minecraft:iron_ingot":4,"minecraft:cobweb":2,"minecraft:emerald":18,"minecraft:bread":11,"minecraft:golden_horse_armor":1,"minecraft:gold_ingot":12,"minecraft:chainmail_helmet":3,"minecraft:bamboo":3,"tombstone:tablet_of_assistance":1,"minecraft:melon_seeds":3,"tombstone:scroll_of_frost_resistance":1}},"DataVersion":3465}