{"stats":{"minecraft:mined":{"minecraft:grass_block":2,"minecraft:spruce_log":12},"minecraft:custom":{"minecraft:time_since_rest":9763,"minecraft:crouch_one_cm":466,"minecraft:sprint_one_cm":9985,"minecraft:play_time":9763,"minecraft:damage_taken":230,"minecraft:walk_one_cm":15788,"minecraft:sneak_time":205,"minecraft:walk_under_water_one_cm":2653,"minecraft:mob_kills":1,"minecraft:jump":122,"minecraft:damage_dealt":333,"minecraft:leave_game":7,"minecraft:walk_on_water_one_cm":1501,"minecraft:time_since_death":9763,"minecraft:total_world_time":9763,"minecraft:swim_one_cm":865,"minecraft:fall_one_cm":3225,"minecraft:fly_one_cm":31083},"minecraft:picked_up":{"minecraft:spruce_sapling":2,"minecraft:spruce_log":6,"minecraft:dirt":2},"minecraft:killed":{"minecraft:zombie":1},"minecraft:used":{"minecraft:dirt":2}},"DataVersion":3465}