{"stats":{"minecraft:custom":{"minecraft:mob_kills":30,"minecraft:interact_with_crafting_table":2,"minecraft:damage_dealt_resisted":1730,"minecraft:leave_game":5,"minecraft:time_since_death":4526,"minecraft:climb_one_cm":1297,"minecraft:time_since_rest":3696,"minecraft:sprint_one_cm":68525,"minecraft:damage_taken":880,"minecraft:walk_one_cm":156553,"minecraft:drop":3,"minecraft:damage_dealt":7898,"minecraft:swim_one_cm":701,"minecraft:fly_one_cm":220810,"minecraft:open_chest":28,"minecraft:crouch_one_cm":1106,"minecraft:deaths":2,"minecraft:play_time":69396,"tombstone:undead_killed":8,"minecraft:sneak_time":976,"minecraft:walk_under_water_one_cm":1387,"minecraft:jump":489,"minecraft:walk_on_water_one_cm":1110,"minecraft:total_world_time":69396,"minecraft:fall_one_cm":7303},"minecraft:dropped":{"minecraft:cobweb":1,"minecraft:wooden_axe":1,"minecraft:string":6},"minecraft:killed":{"minecraft:cave_spider":5,"minecraft:pig":2,"minecraft:spider":9,"immersiveweapons:wandering_warrior":1,"minecraft:sheep":1,"minecraft:skeleton":5,"minecraft:zombie":3,"minecraft:cow":4},"minecraft:crafted":{"minecraft:crafting_table":1,"minecraft:spruce_planks":24},"minecraft:picked_up":{"minecraft:wooden_axe":1,"minecraft:wheat":1,"beachparty:rubber_ring_axolotl":2,"minecraft:chainmail_boots":2,"minecraft:golden_carrot":9,"minecraft:leather":6,"minecraft:enchanted_book":1,"minecraft:gunpowder":18,"minecraft:music_disc_cat":2,"minecraft:string":24,"minecraft:name_tag":1,"minecraft:bone":11,"minecraft:beetroot":1,"minecraft:wheat_seeds":1,"minecraft:iron_ingot":4,"minecraft:beef":10,"minecraft:cobweb":2,"minecraft:calcite":1,"minecraft:bamboo":3,"tombstone:tablet_of_assistance":1,"tombstone:scroll_of_frost_resistance":1,"projectvibrantjourneys:light_brown_bark_mushroom":1,"minecraft:stick":11,"immersiveweapons:copper_sword":1,"minecraft:torch":6,"minecraft:porkchop":5,"minecraft:spruce_sapling":8,"tombstone:grave_dust":4,"minecraft:spruce_log":24,"minecraft:redstone":3,"immersiveweapons:copper_ring":2,"minecraft:spider_eye":2,"minecraft:mossy_cobblestone":1,"beachparty:rubber_ring_pelican":2,"minecraft:pumpkin_seeds":2,"minecraft:arrow":6,"minecraft:rotten_flesh":13,"minecraft:diamond":5,"minecraft:beetroot_seeds":4,"minecraft:chainmail_leggings":1,"minecraft:chainmail_helmet":3,"minecraft:gold_ingot":12,"minecraft:golden_horse_armor":1,"minecraft:bread":11,"minecraft:emerald":18,"projectvibrantjourneys:orange_bark_mushroom":1,"minecraft:melon_seeds":3,"minecraft:mutton":2,"minecraft:white_wool":1},"minecraft:mined":{"minecraft:large_fern":1,"minecraft:spruce_log":31,"projectvibrantjourneys:short_grass":2},"minecraft:used":{"minecraft:calcite":1,"minecraft:netherite_sword":77,"minecraft:stone_sword":38,"minecraft:oak_sign":5,"minecraft:spruce_planks":8,"minecraft:chest":5,"minecraft:wooden_pickaxe":1,"supplementaries:gold_door":1,"minecraft:glow_ink_sac":4,"minecraft:torch":66,"minecraft:crafting_table":1,"minecraft:spruce_stairs":51,"minecraft:dark_oak_planks":67,"minecraft:wooden_axe":34,"minecraft:cyan_carpet":2,"immersiveweapons:stardust_door":1,"minecraft:smooth_quartz":10,"supplementaries:candy":12,"minecraft:beef":6,"minecraft:porkchop":5,"tombstone:gift":2}},"DataVersion":3465}