{"stats":{"minecraft:broken":{"minecraft:iron_sword":1,"minecraft:wooden_axe":1},"minecraft:used":{"minecraft:netherite_sword":77,"minecraft:stone_sword":129,"minecraft:oak_sign":5,"minecraft:chest":5,"minecraft:spruce_planks":84,"minecraft:shield":4,"minecraft:iron_sword":369,"supplementaries:gold_door":1,"minecraft:rotten_flesh":10,"minecraft:iron_chestplate":1,"minecraft:torch":73,"minecraft:mutton":2,"minecraft:spruce_stairs":51,"minecraft:dark_oak_planks":67,"minecraft:wooden_axe":68,"beachparty:palm_planks":140,"minecraft:iron_axe":152,"immersiveweapons:stardust_door":1,"minecraft:iron_boots":1,"minecraft:smooth_quartz":10,"supplementaries:candy":15,"minecraft:beef":10,"minecraft:furnace":4,"tombstone:gift":3,"minecraft:potato":3,"minecraft:acacia_planks":47,"minecraft:iron_leggings":1,"minecraft:calcite":1,"cyclic:flower_cyan":1,"minecraft:water_bucket":29,"minecraft:stone_pickaxe":42,"minecraft:wooden_pickaxe":6,"minecraft:leather_chestplate":1,"minecraft:chainmail_helmet":1,"minecraft:glow_ink_sac":4,"minecraft:crafting_table":10,"minecraft:bread":51,"minecraft:iron_pickaxe":26,"minecraft:cyan_carpet":2,"minecraft:stone_slab":1,"tombstone:grave_key":1,"minecraft:cobblestone":9,"travelersbackpack:standard":1,"minecraft:porkchop":5,"minecraft:bucket":29,"minecraft:coarse_dirt":23},"minecraft:dropped":{"immersiveweapons:copper_ring":4,"minecraft:dark_oak_stairs":2,"minecraft:decorated_pot":1,"minecraft:crossbow":1,"minecraft:cobblestone":2,"travelersbackpack:standard":2,"minecraft:chainmail_helmet":3,"projectvibrantjourneys:orange_bark_mushroom":1,"minecraft:stick":4,"minecraft:cobweb":1,"minecraft:dirt":6,"minecraft:diorite":2,"minecraft:torch":1,"minecraft:wooden_axe":1,"minecraft:glistering_melon_slice":20,"minecraft:string":6,"minecraft:white_wool":4,"minecraft:tripwire_hook":5,"minecraft:stone_sword":3,"beachparty:seashell":1,"minecraft:beetroot":11,"minecraft:white_carpet":2,"minecraft:light_gray_carpet":2,"minecraft:stone_slab":4,"minecraft:carrot":46,"minecraft:leather_chestplate":1,"projectvibrantjourneys:light_brown_bark_mushroom":2,"supplementaries:ash":1,"minecraft:mangrove_log":4,"minecraft:spruce_planks":2,"minecraft:golden_leggings":3,"minecraft:spruce_slab":2,"minecraft:wooden_pickaxe":1,"minecraft:calcite":6,"minecraft:cyan_bed":1},"minecraft:killed":{"minecraft:cave_spider":5,"minecraft:spider":12,"minecraft:skeleton":17,"immersiveweapons:dying_soldier":2,"minecraft:husk":20,"minecraft:pig":2,"immersiveweapons:wandering_warrior":2,"minecraft:creeper":1,"minecraft:sheep":3,"minecraft:zombie":10,"minecraft:cow":4},"minecraft:custom":{"minecraft:mob_kills":78,"minecraft:interact_with_crafting_table":45,"minecraft:open_barrel":23,"minecraft:damage_dealt_resisted":1730,"minecraft:eat_cake_slice":2,"minecraft:leave_game":10,"minecraft:time_since_death":10576,"minecraft:climb_one_cm":10184,"minecraft:sprint_one_cm":210823,"minecraft:walk_one_cm":467659,"minecraft:damage_blocked_by_shield":120,"minecraft:drop":68,"minecraft:talked_to_villager":1,"minecraft:play_time":132371,"minecraft:deaths":3,"minecraft:sneak_time":2148,"minecraft:walk_under_water_one_cm":21587,"minecraft:interact_with_brewingstand":2,"minecraft:jump":2441,"minecraft:walk_on_water_one_cm":10026,"minecraft:total_world_time":132371,"minecraft:interact_with_furnace":38,"minecraft:time_since_rest":10544,"minecraft:damage_taken":5873,"minecraft:damage_dealt":22224,"minecraft:swim_one_cm":32126,"minecraft:fly_one_cm":475948,"minecraft:open_chest":61,"minecraft:crouch_one_cm":8516,"tombstone:undead_killed":47,"minecraft:fall_one_cm":72919},"minecraft:crafted":{"minecraft:furnace":3,"minecraft:glass":36,"minecraft:iron_boots":1,"minecraft:iron_axe":1,"tombstone:grave_key":1,"minecraft:stone_pickaxe":1,"minecraft:chest":1,"beachparty:palm_planks":140,"minecraft:wheat":144,"minecraft:crafting_table":9,"minecraft:spruce_planks":140,"travelersbackpack:backpack_tank":3,"minecraft:iron_helmet":1,"travelersbackpack:standard":1,"minecraft:iron_sword":3,"minecraft:bread":48,"minecraft:air":0,"minecraft:white_wool":1,"minecraft:iron_chestplate":1,"minecraft:shield":1,"minecraft:stick":4,"minecraft:iron_ingot":19,"minecraft:iron_pickaxe":1,"minecraft:acacia_planks":128,"minecraft:torch":8},"minecraft:mined":{"minecraft:red_nether_brick_slab":1,"minecraft:red_nether_bricks":1,"projectvibrantjourneys:rocks":1,"minecraft:spruce_trapdoor":2,"minecraft:ladder":1,"minecraft:acacia_log":36,"minecraft:decorated_pot":1,"immersiveweapons:iron_panel_bars":1,"minecraft:spawner":2,"beachparty:seashell_block":1,"minecraft:large_fern":1,"minecraft:hay_block":16,"minecraft:furnace":3,"minecraft:iron_ore":1,"ancient_elements:tin_ore":7,"minecraft:bookshelf":15,"minecraft:smooth_quartz_stairs":1,"minecraft:stone":40,"minecraft:iron_block":2,"minecraft:spruce_slab":1,"minecraft:light_gray_carpet":1,"travelersbackpack:standard":1,"minecraft:oak_fence":1,"minecraft:crafting_table":2,"minecraft:emerald_ore":2,"minecraft:calcite":4,"minecraft:stone_slab":2,"minecraft:tall_grass":3,"minecraft:cyan_bed":1,"minecraft:diorite":1,"minecraft:white_carpet":1,"minecraft:spruce_log":45,"beachparty:palm_log":35,"minecraft:oak_log":5,"projectvibrantjourneys:short_grass":7,"minecraft:sand":38,"minecraft:dirt":2,"minecraft:mangrove_log":18,"minecraft:tripwire_hook":5,"minecraft:dark_oak_planks":4},"minecraft:picked_up":{"minecraft:wooden_axe":1,"minecraft:crafting_table":2,"minecraft:wheat":3,"beachparty:rubber_ring_axolotl":2,"minecraft:chainmail_boots":2,"minecraft:stone_slab":5,"minecraft:enchanted_book":1,"minecraft:music_disc_cat":2,"minecraft:string":26,"minecraft:white_carpet":2,"beachparty:seashell":1,"minecraft:beetroot":1,"minecraft:spruce_planks":2,"minecraft:beef":10,"minecraft:calcite":7,"minecraft:spruce_slab":1,"tombstone:tablet_of_assistance":1,"minecraft:spruce_trapdoor":2,"minecraft:mangrove_log":4,"minecraft:furnace":3,"minecraft:stick":20,"minecraft:raw_iron":1,"projectvibrantjourneys:bark_mushroom":2,"minecraft:torch":6,"minecraft:acacia_log":32,"minecraft:porkchop":5,"ancient_elements:raw_tin":7,"tombstone:grave_dust":7,"minecraft:diorite":2,"immersiveweapons:iron_panel_bars":1,"minecraft:redstone":3,"immersiveweapons:copper_ring":7,"minecraft:stone_sword":2,"minecraft:arrow":18,"minecraft:rotten_flesh":36,"minecraft:decorated_pot":1,"minecraft:beetroot_seeds":4,"minecraft:hay_block":16,"minecraft:iron_block":2,"minecraft:glistering_melon_slice":20,"minecraft:gold_ingot":12,"supplementaries:ash":1,"minecraft:mutton":2,"minecraft:white_wool":3,"minecraft:cobblestone":39,"minecraft:golden_carrot":9,"minecraft:tripwire_hook":5,"alexsmobs:acacia_blossom":1,"minecraft:leather":7,"minecraft:golden_leggings":2,"beachparty:palm_log":35,"paraglider:spirit_orb":4,"minecraft:oak_log":5,"minecraft:gunpowder":20,"minecraft:dirt":5,"minecraft:name_tag":1,"minecraft:bone":24,"minecraft:wheat_seeds":11,"minecraft:iron_ingot":4,"minecraft:cobweb":2,"tombstone:bag_of_seeds":1,"minecraft:bamboo":3,"minecraft:acacia_sapling":5,"tombstone:scroll_of_frost_resistance":1,"minecraft:dark_oak_stairs":1,"minecraft:book":45,"projectvibrantjourneys:light_brown_bark_mushroom":2,"immersiveweapons:copper_sword":1,"minecraft:sand":36,"minecraft:spruce_sapling":12,"minecraft:spruce_log":38,"minecraft:cyan_bed":1,"minecraft:spider_eye":2,"minecraft:mossy_cobblestone":1,"travelersbackpack:standard":3,"beachparty:rubber_ring_pelican":2,"minecraft:pumpkin_seeds":2,"minecraft:diamond":5,"minecraft:chainmail_leggings":1,"minecraft:emerald":20,"minecraft:bread":11,"minecraft:golden_horse_armor":1,"minecraft:chainmail_helmet":5,"projectvibrantjourneys:orange_bark_mushroom":2,"minecraft:light_gray_carpet":2,"minecraft:melon_seeds":3,"minecraft:coal":9}},"DataVersion":3465}