{"stats":{"minecraft:broken":{"minecraft:iron_sword":1,"minecraft:wooden_axe":1},"minecraft:used":{"minecraft:netherite_sword":77,"minecraft:stone_sword":129,"minecraft:oak_sign":5,"minecraft:spruce_planks":8,"minecraft:chest":5,"minecraft:shield":3,"supplementaries:gold_door":1,"minecraft:iron_sword":365,"minecraft:rotten_flesh":10,"minecraft:iron_chestplate":1,"minecraft:torch":73,"minecraft:mutton":2,"minecraft:spruce_stairs":51,"minecraft:dark_oak_planks":67,"minecraft:wooden_axe":68,"minecraft:iron_axe":64,"immersiveweapons:stardust_door":1,"minecraft:iron_boots":1,"minecraft:smooth_quartz":10,"supplementaries:candy":15,"minecraft:beef":10,"minecraft:furnace":4,"tombstone:gift":3,"minecraft:potato":3,"minecraft:iron_leggings":1,"minecraft:calcite":1,"cyclic:flower_cyan":1,"minecraft:stone_pickaxe":42,"minecraft:wooden_pickaxe":6,"minecraft:leather_chestplate":1,"minecraft:chainmail_helmet":1,"minecraft:glow_ink_sac":4,"minecraft:crafting_table":10,"minecraft:bread":38,"minecraft:iron_pickaxe":21,"minecraft:cyan_carpet":2,"minecraft:stone_slab":1,"minecraft:cobblestone":9,"travelersbackpack:standard":1,"minecraft:porkchop":5,"minecraft:coarse_dirt":23},"minecraft:dropped":{"immersiveweapons:copper_ring":4,"minecraft:dark_oak_stairs":2,"minecraft:decorated_pot":1,"minecraft:crossbow":1,"minecraft:cobblestone":2,"travelersbackpack:standard":2,"minecraft:chainmail_helmet":3,"projectvibrantjourneys:orange_bark_mushroom":1,"minecraft:stick":4,"minecraft:cobweb":1,"minecraft:dirt":6,"minecraft:diorite":2,"minecraft:torch":1,"minecraft:wooden_axe":1,"minecraft:string":6,"minecraft:tripwire_hook":5,"minecraft:white_wool":4,"minecraft:stone_sword":3,"beachparty:seashell":1,"minecraft:beetroot":11,"minecraft:white_carpet":2,"minecraft:light_gray_carpet":2,"minecraft:stone_slab":4,"minecraft:leather_chestplate":1,"projectvibrantjourneys:light_brown_bark_mushroom":2,"supplementaries:ash":1,"minecraft:mangrove_log":4,"minecraft:spruce_planks":2,"minecraft:golden_leggings":3,"minecraft:spruce_slab":2,"minecraft:wooden_pickaxe":1,"minecraft:calcite":6,"minecraft:cyan_bed":1},"minecraft:killed":{"minecraft:cave_spider":5,"minecraft:spider":12,"minecraft:skeleton":17,"immersiveweapons:dying_soldier":2,"minecraft:husk":20,"minecraft:pig":2,"immersiveweapons:wandering_warrior":2,"minecraft:creeper":1,"minecraft:sheep":3,"minecraft:zombie":10,"minecraft:cow":4},"minecraft:custom":{"minecraft:mob_kills":78,"minecraft:interact_with_crafting_table":45,"minecraft:open_barrel":23,"minecraft:damage_dealt_resisted":1730,"minecraft:eat_cake_slice":2,"minecraft:leave_game":9,"minecraft:time_since_death":54226,"minecraft:climb_one_cm":10184,"minecraft:sprint_one_cm":174035,"minecraft:walk_one_cm":416533,"minecraft:damage_blocked_by_shield":70,"minecraft:drop":65,"minecraft:play_time":119096,"minecraft:deaths":2,"minecraft:sneak_time":1676,"minecraft:walk_under_water_one_cm":5447,"minecraft:interact_with_brewingstand":2,"minecraft:jump":1967,"minecraft:walk_on_water_one_cm":7323,"minecraft:total_world_time":119096,"minecraft:interact_with_furnace":34,"minecraft:time_since_rest":53396,"minecraft:damage_taken":2994,"minecraft:damage_dealt":22093,"minecraft:swim_one_cm":32126,"minecraft:fly_one_cm":412643,"minecraft:open_chest":44,"minecraft:crouch_one_cm":5584,"tombstone:undead_killed":47,"minecraft:fall_one_cm":38567},"minecraft:crafted":{"minecraft:furnace":3,"minecraft:glass":28,"minecraft:iron_boots":1,"minecraft:iron_axe":1,"minecraft:stone_pickaxe":1,"minecraft:chest":1,"minecraft:wheat":144,"minecraft:crafting_table":9,"minecraft:spruce_planks":64,"travelersbackpack:backpack_tank":3,"travelersbackpack:standard":1,"minecraft:iron_helmet":1,"minecraft:iron_sword":3,"minecraft:bread":48,"minecraft:air":0,"minecraft:white_wool":1,"minecraft:iron_chestplate":1,"minecraft:shield":1,"minecraft:stick":4,"minecraft:iron_ingot":19,"minecraft:iron_pickaxe":1,"minecraft:torch":8},"minecraft:mined":{"minecraft:red_nether_brick_slab":1,"minecraft:red_nether_bricks":1,"projectvibrantjourneys:rocks":1,"minecraft:spruce_trapdoor":2,"minecraft:ladder":1,"minecraft:decorated_pot":1,"immersiveweapons:iron_panel_bars":1,"minecraft:spawner":2,"beachparty:seashell_block":1,"minecraft:large_fern":1,"minecraft:hay_block":16,"minecraft:furnace":1,"minecraft:iron_ore":1,"ancient_elements:tin_ore":7,"minecraft:bookshelf":15,"minecraft:smooth_quartz_stairs":1,"minecraft:iron_block":2,"minecraft:stone":40,"minecraft:spruce_slab":1,"minecraft:light_gray_carpet":1,"travelersbackpack:standard":1,"minecraft:oak_fence":1,"minecraft:crafting_table":1,"minecraft:calcite":4,"minecraft:stone_slab":2,"minecraft:tall_grass":3,"minecraft:cyan_bed":1,"minecraft:diorite":1,"minecraft:white_carpet":1,"minecraft:spruce_log":45,"projectvibrantjourneys:short_grass":4,"minecraft:sand":38,"minecraft:dirt":2,"minecraft:mangrove_log":18,"minecraft:tripwire_hook":5,"minecraft:dark_oak_planks":4},"minecraft:picked_up":{"minecraft:wooden_axe":1,"minecraft:crafting_table":1,"minecraft:wheat":1,"beachparty:rubber_ring_axolotl":2,"minecraft:chainmail_boots":2,"minecraft:stone_slab":5,"minecraft:enchanted_book":1,"minecraft:music_disc_cat":2,"minecraft:string":26,"minecraft:white_carpet":2,"beachparty:seashell":1,"minecraft:beetroot":1,"minecraft:spruce_planks":2,"minecraft:beef":10,"minecraft:calcite":7,"minecraft:spruce_slab":1,"tombstone:tablet_of_assistance":1,"minecraft:spruce_trapdoor":2,"minecraft:mangrove_log":4,"minecraft:furnace":1,"minecraft:stick":13,"minecraft:raw_iron":1,"minecraft:torch":6,"minecraft:porkchop":5,"ancient_elements:raw_tin":7,"tombstone:grave_dust":7,"minecraft:diorite":2,"immersiveweapons:iron_panel_bars":1,"minecraft:redstone":3,"immersiveweapons:copper_ring":7,"minecraft:stone_sword":2,"minecraft:arrow":18,"minecraft:rotten_flesh":36,"minecraft:beetroot_seeds":4,"minecraft:decorated_pot":1,"minecraft:hay_block":16,"minecraft:iron_block":2,"minecraft:gold_ingot":12,"supplementaries:ash":1,"minecraft:mutton":2,"minecraft:white_wool":3,"minecraft:cobblestone":39,"minecraft:golden_carrot":9,"minecraft:tripwire_hook":5,"minecraft:leather":7,"minecraft:golden_leggings":2,"paraglider:spirit_orb":4,"minecraft:gunpowder":20,"minecraft:dirt":5,"minecraft:name_tag":1,"minecraft:bone":24,"minecraft:wheat_seeds":2,"minecraft:iron_ingot":4,"minecraft:cobweb":2,"tombstone:bag_of_seeds":1,"minecraft:bamboo":3,"tombstone:scroll_of_frost_resistance":1,"minecraft:dark_oak_stairs":1,"minecraft:book":45,"projectvibrantjourneys:light_brown_bark_mushroom":2,"immersiveweapons:copper_sword":1,"minecraft:sand":36,"minecraft:spruce_sapling":12,"minecraft:spruce_log":38,"minecraft:cyan_bed":1,"minecraft:spider_eye":2,"minecraft:mossy_cobblestone":1,"travelersbackpack:standard":3,"beachparty:rubber_ring_pelican":2,"minecraft:pumpkin_seeds":2,"minecraft:diamond":5,"minecraft:chainmail_leggings":1,"minecraft:chainmail_helmet":5,"minecraft:golden_horse_armor":1,"minecraft:bread":11,"minecraft:emerald":18,"projectvibrantjourneys:orange_bark_mushroom":1,"minecraft:light_gray_carpet":2,"minecraft:melon_seeds":3}},"DataVersion":3465}