{"stats":{"minecraft:custom":{"minecraft:time_since_rest":7913,"minecraft:damage_dealt":333,"minecraft:damage_taken":230,"minecraft:crouch_one_cm":332,"minecraft:leave_game":5,"minecraft:play_time":7913,"minecraft:sprint_one_cm":7081,"minecraft:time_since_death":7913,"minecraft:walk_on_water_one_cm":583,"minecraft:walk_one_cm":13050,"minecraft:sneak_time":110,"minecraft:total_world_time":7913,"minecraft:walk_under_water_one_cm":2462,"minecraft:mob_kills":1,"minecraft:swim_one_cm":865,"minecraft:fall_one_cm":2389,"minecraft:fly_one_cm":16000,"minecraft:jump":72},"minecraft:killed":{"minecraft:zombie":1}},"DataVersion":3465}