{"stats":{"minecraft:custom":{"minecraft:jump":91,"minecraft:damage_dealt":40,"minecraft:time_since_rest":1,"minecraft:damage_taken":1180,"minecraft:crouch_one_cm":2279,"minecraft:leave_game":2,"minecraft:play_time":4464,"minecraft:sprint_one_cm":13580,"minecraft:time_since_death":501,"minecraft:walk_one_cm":8262,"minecraft:deaths":2,"minecraft:sneak_time":280,"minecraft:total_world_time":4464,"minecraft:fall_one_cm":11211,"minecraft:fly_one_cm":38169,"minecraft:damage_dealt_resisted":0},"minecraft:mined":{"projectvibrantjourneys:ice_chunks":1,"projectvibrantjourneys:twigs":1},"minecraft:picked_up":{"minecraft:stick":1}},"DataVersion":3465}