{"stats":{"minecraft:broken":{"minecraft:iron_axe":1,"minecraft:wooden_axe":1},"minecraft:used":{"minecraft:beetroot":1,"minecraft:stone_sword":35,"minecraft:spruce_planks":264,"minecraft:shield":7,"minecraft:torch":1,"minecraft:mutton":8,"minecraft:carrot":14,"minecraft:wooden_axe":61,"beachparty:rubber_ring_axolotl":1,"minecraft:iron_axe":133,"minecraft:egg":1,"minecraft:potato":9,"minecraft:baked_potato":10,"minecraft:oak_planks":1,"minecraft:wooden_pickaxe":5,"immersiveweapons:copper_axe":56,"minecraft:crafting_table":1,"minecraft:black_bed":1,"minecraft:melon_slice":7,"minecraft:bread":58,"minecraft:iron_pickaxe":35,"minecraft:purple_bed":3,"minecraft:porkchop":2,"minecraft:pumpkin_pie":2},"minecraft:dropped":{"minecraft:bread":4,"minecraft:wheat_seeds":3,"minecraft:apple":3,"immersiveweapons:flintlock_pistol":1,"projectvibrantjourneys:orange_bark_mushroom":2,"minecraft:stick":10,"minecraft:melon_slice":7,"tombstone:grave_dust":1,"minecraft:glistering_melon_slice":20,"minecraft:string":2,"minecraft:bone":1,"minecraft:nether_brick_slab":1,"alexsmobs:animal_dictionary":1,"minecraft:stone_sword":1,"minecraft:wheat":1,"minecraft:rotten_flesh":5,"projectvibrantjourneys:light_brown_bark_mushroom":2,"minecraft:potato":6,"immersiveweapons:copper_axe":1,"minecraft:beetroot_seeds":3,"minecraft:acacia_sapling":2,"minecraft:arrow":1,"minecraft:bow":1,"minecraft:wooden_pickaxe":1},"minecraft:killed":{"minecraft:spider":1,"minecraft:skeleton":6,"immersiveweapons:dying_soldier":1,"minecraft:pig":1,"ancient_elements:aetherial_glaze":3,"immersiveweapons:wandering_warrior":3,"minecraft:sheep":5,"minecraft:pillager":3,"minecraft:zombie":7},"minecraft:custom":{"minecraft:mob_kills":32,"minecraft:interact_with_anvil":1,"minecraft:interact_with_crafting_table":9,"minecraft:open_barrel":18,"minecraft:damage_dealt_resisted":0,"minecraft:leave_game":4,"minecraft:time_since_death":78373,"minecraft:climb_one_cm":11067,"minecraft:damage_resisted":0,"minecraft:sprint_one_cm":724957,"minecraft:walk_one_cm":402483,"minecraft:damage_blocked_by_shield":235,"minecraft:drop":57,"minecraft:talked_to_villager":1,"minecraft:play_time":107131,"minecraft:deaths":1,"minecraft:sneak_time":10,"minecraft:walk_under_water_one_cm":33103,"minecraft:jump":3100,"minecraft:walk_on_water_one_cm":35673,"minecraft:total_world_time":107131,"minecraft:interact_with_furnace":6,"tombstone:raider_killed":3,"minecraft:interact_with_cartography_table":2,"minecraft:interact_with_loom":4,"minecraft:sleep_in_bed":6,"minecraft:time_since_rest":2511,"minecraft:damage_taken":5319,"minecraft:damage_dealt":6002,"minecraft:swim_one_cm":104088,"minecraft:fly_one_cm":840642,"minecraft:open_chest":33,"tombstone:undead_killed":13,"minecraft:fall_one_cm":103435},"minecraft:crafted":{"minecraft:spruce_planks":276,"minecraft:baked_potato":10,"minecraft:iron_helmet":1,"minecraft:air":0,"minecraft:iron_chestplate":1,"minecraft:shield":1,"minecraft:stick":4,"minecraft:iron_ingot":144,"minecraft:iron_pickaxe":1,"minecraft:iron_leggings":1},"minecraft:mined":{"minecraft:dark_oak_planks":1,"minecraft:spruce_planks":12,"minecraft:red_nether_bricks":1,"minecraft:dark_oak_log":1,"minecraft:ladder":1,"minecraft:grass_block":1,"immersiveweapons:iron_panel_bars":3,"ancient_elements:meteorite_block":2,"minecraft:spruce_leaves":3,"minecraft:composter":1,"minecraft:waxed_weathered_copper":1,"minecraft:spawner":4,"immersiveweapons:iron_panel":1,"minecraft:magma_block":2,"minecraft:carrots":28,"minecraft:fire":1,"cyclic:flower_cyan":1,"minecraft:stripped_mangrove_wood":3,"minecraft:waxed_exposed_copper":1,"minecraft:iron_block":16,"immersiveweapons:cloud":3,"minecraft:oak_fence":2,"minecraft:crafting_table":1,"minecraft:white_stained_glass_pane":1,"minecraft:nether_brick_slab":1,"minecraft:tall_grass":3,"minecraft:cyan_bed":1,"minecraft:oak_planks":1,"immersiveweapons:cloud_marble":1,"minecraft:birch_planks":1,"minecraft:purple_bed":3,"minecraft:stripped_spruce_wood":1,"minecraft:sweet_berry_bush":1,"minecraft:spruce_log":64,"minecraft:grass":1,"projectvibrantjourneys:short_grass":6,"minecraft:dirt":2,"minecraft:cyan_carpet":1,"minecraft:cobweb":1,"immersiveweapons:rusted_iron_block":1,"minecraft:fern":1},"minecraft:picked_up":{"minecraft:crafting_table":1,"minecraft:wheat":1,"immersiveweapons:copper_axe":1,"immersiveweapons:pliers":1,"minecraft:string":1,"ancient_elements:meteorite_block":1,"minecraft:beetroot":1,"irons_spellbooks:arcane_essence":3,"minecraft:waxed_weathered_copper":1,"minecraft:spruce_planks":9,"minecraft:egg":1,"immersiveweapons:rusted_iron_block":1,"minecraft:stick":18,"immersiveweapons:flintlock_pistol":1,"immersiveweapons:cloud_marble":1,"minecraft:composter":1,"minecraft:torch":1,"minecraft:porkchop":2,"tombstone:grave_dust":1,"immersiveweapons:iron_panel_bars":3,"minecraft:carrot":138,"minecraft:arrow":2,"minecraft:rotten_flesh":5,"minecraft:beetroot_seeds":3,"minecraft:iron_block":16,"minecraft:glistering_melon_slice":20,"minecraft:mutton":8,"minecraft:white_wool":2,"minecraft:cobblestone":5,"minecraft:magma_block":2,"minecraft:black_bed":1,"minecraft:birch_planks":1,"paraglider:spirit_orb":8,"minecraft:dirt":3,"cyclic:flower_cyan":1,"bhc:red_heart":1,"minecraft:bone":2,"minecraft:apple":3,"minecraft:wheat_seeds":3,"minecraft:iron_ingot":1,"minecraft:waxed_exposed_copper":1,"minecraft:oak_planks":1,"minecraft:acacia_sapling":2,"immersiveweapons:iron_musket_ball":3,"projectvibrantjourneys:light_brown_bark_mushroom":2,"minecraft:spruce_sapling":14,"minecraft:spruce_log":66,"minecraft:nether_brick_slab":1,"minecraft:cyan_bed":1,"minecraft:purple_bed":3,"minecraft:bread":1,"projectvibrantjourneys:orange_bark_mushroom":2,"minecraft:oak_sapling":2}},"DataVersion":3465}