{"stats":{"minecraft:picked_up":{"multiverse:kaleidite_shard":8,"beachparty:raw_mussel_meat":6,"beachparty:palm_sapling":2,"minecraft:redstone":2,"minecraft:lapis_lazuli":4,"minecraft:blue_bed":1,"minecraft:moss_carpet":5,"minecraft:bone":1,"beachparty:seashell":6,"minecraft:wheat_seeds":1,"minecraft:gold_nugget":2,"projectvibrantjourneys:sandstone_rocks":1,"iwannaskate:skateboard":3,"minecraft:azalea":2,"minecraft:emerald":2,"minecraft:moss_block":1},"minecraft:used":{"iwannaskate:skateboard":2,"minecraft:bread":4,"minecraft:spruce_planks":79,"alexsmobs:animal_dictionary":1,"beachparty:raw_mussel_meat":6,"tombstone:gift":2},"minecraft:crafted":{"minecraft:spruce_planks":96},"minecraft:mined":{"beachparty:seashell_block":6,"multiverse:kaleidite_cluster":5,"projectvibrantjourneys:bones":1,"projectvibrantjourneys:short_grass":2,"minecraft:sand":1,"projectvibrantjourneys:seashells":1,"minecraft:blue_bed":1},"minecraft:dropped":{"beachparty:palm_sapling":2,"minecraft:lapis_lazuli":4,"alexsmobs:animal_dictionary":1,"tombstone:grave_key":1,"tombstone:grave_dust":1,"minecraft:gold_nugget":2,"projectvibrantjourneys:sandstone_rocks":1,"minecraft:redstone":2,"minecraft:emerald":2},"minecraft:custom":{"minecraft:time_since_rest":13,"minecraft:sprint_one_cm":52395,"minecraft:damage_taken":1260,"minecraft:walk_one_cm":67555,"minecraft:drop":16,"minecraft:damage_dealt":254,"minecraft:swim_one_cm":42084,"minecraft:interact_with_crafting_table":1,"minecraft:fly_one_cm":80508,"minecraft:open_chest":9,"minecraft:play_time":26225,"minecraft:deaths":2,"minecraft:sneak_time":2,"minecraft:walk_under_water_one_cm":18066,"minecraft:jump":508,"minecraft:leave_game":1,"minecraft:walk_on_water_one_cm":17549,"minecraft:time_since_death":0,"minecraft:total_world_time":26225,"minecraft:fall_one_cm":20589}},"DataVersion":3465}