{"stats":{"minecraft:custom":{"minecraft:time_since_rest":8566,"minecraft:sprint_one_cm":94557,"minecraft:damage_taken":69,"minecraft:walk_one_cm":36110,"minecraft:mob_kills":3,"minecraft:drop":7,"minecraft:damage_dealt":432,"minecraft:interact_with_crafting_table":1,"minecraft:fly_one_cm":101711,"minecraft:open_chest":12,"minecraft:play_time":16694,"tombstone:undead_killed":1,"minecraft:sneak_time":10,"minecraft:jump":341,"minecraft:leave_game":1,"minecraft:time_since_death":16694,"minecraft:sleep_in_bed":1,"minecraft:climb_one_cm":674,"minecraft:total_world_time":16694,"minecraft:damage_resisted":0,"minecraft:fall_one_cm":8880},"minecraft:dropped":{"projectvibrantjourneys:light_brown_bark_mushroom":2,"alexsmobs:animal_dictionary":1,"minecraft:rotten_flesh":3,"projectvibrantjourneys:orange_bark_mushroom":2},"minecraft:killed":{"minecraft:sheep":1,"minecraft:zombie":1},"minecraft:crafted":{"minecraft:spruce_planks":276,"minecraft:stick":4},"minecraft:picked_up":{"projectvibrantjourneys:light_brown_bark_mushroom":2,"minecraft:stick":8,"minecraft:crafting_table":1,"minecraft:torch":1,"minecraft:spruce_sapling":14,"minecraft:spruce_log":54,"minecraft:purple_bed":1,"minecraft:rotten_flesh":3,"projectvibrantjourneys:orange_bark_mushroom":2,"minecraft:mutton":2,"minecraft:white_wool":1},"minecraft:broken":{"minecraft:wooden_axe":1},"minecraft:mined":{"minecraft:purple_bed":1,"minecraft:spruce_log":52,"minecraft:crafting_table":1,"minecraft:spruce_leaves":2},"minecraft:used":{"minecraft:wooden_axe":61,"minecraft:stone_sword":7,"minecraft:melon_slice":7,"minecraft:bread":2,"minecraft:crafting_table":1}},"DataVersion":3465}