{"stats":{"minecraft:broken":{"minecraft:wooden_axe":1},"minecraft:used":{"minecraft:stone_sword":35,"minecraft:baked_potato":10,"minecraft:oak_planks":1,"minecraft:shield":7,"minecraft:spruce_planks":143,"minecraft:wooden_pickaxe":5,"minecraft:torch":1,"immersiveweapons:copper_axe":24,"minecraft:crafting_table":1,"minecraft:black_bed":1,"minecraft:wooden_axe":61,"beachparty:rubber_ring_axolotl":1,"minecraft:iron_axe":132,"minecraft:bread":48,"minecraft:melon_slice":7,"minecraft:iron_pickaxe":35,"minecraft:purple_bed":3,"minecraft:pumpkin_pie":2,"minecraft:egg":1,"minecraft:potato":9},"minecraft:dropped":{"minecraft:bread":4,"minecraft:nether_brick_slab":1,"minecraft:stone_sword":1,"alexsmobs:animal_dictionary":1,"minecraft:rotten_flesh":5,"minecraft:apple":3,"immersiveweapons:flintlock_pistol":1,"projectvibrantjourneys:orange_bark_mushroom":2,"minecraft:stick":10,"projectvibrantjourneys:light_brown_bark_mushroom":2,"minecraft:potato":6,"immersiveweapons:copper_axe":1,"minecraft:melon_slice":7,"tombstone:grave_dust":1,"minecraft:arrow":1,"minecraft:bow":1,"minecraft:wooden_pickaxe":1,"minecraft:string":2,"minecraft:bone":1},"minecraft:killed":{"minecraft:pig":1,"ancient_elements:aetherial_glaze":3,"minecraft:spider":1,"immersiveweapons:wandering_warrior":3,"minecraft:skeleton":6,"minecraft:sheep":5,"minecraft:pillager":3,"minecraft:zombie":7,"immersiveweapons:dying_soldier":1},"minecraft:custom":{"minecraft:interact_with_furnace":6,"minecraft:interact_with_anvil":1,"minecraft:mob_kills":32,"tombstone:raider_killed":3,"minecraft:interact_with_cartography_table":2,"minecraft:interact_with_crafting_table":9,"minecraft:open_barrel":18,"minecraft:interact_with_loom":4,"minecraft:damage_dealt_resisted":0,"minecraft:leave_game":3,"minecraft:time_since_death":60961,"minecraft:sleep_in_bed":5,"minecraft:climb_one_cm":11067,"minecraft:damage_resisted":0,"minecraft:time_since_rest":10481,"minecraft:walk_one_cm":317147,"minecraft:sprint_one_cm":592089,"minecraft:damage_taken":3018,"minecraft:damage_blocked_by_shield":235,"minecraft:drop":32,"minecraft:damage_dealt":5780,"minecraft:swim_one_cm":49409,"minecraft:fly_one_cm":781099,"minecraft:open_chest":28,"minecraft:play_time":89719,"tombstone:undead_killed":13,"minecraft:deaths":1,"minecraft:sneak_time":10,"minecraft:walk_under_water_one_cm":22583,"minecraft:jump":2828,"minecraft:walk_on_water_one_cm":25138,"minecraft:total_world_time":89719,"minecraft:fall_one_cm":75808},"minecraft:crafted":{"minecraft:spruce_planks":276,"minecraft:iron_helmet":1,"minecraft:baked_potato":10,"minecraft:air":0,"minecraft:iron_chestplate":1,"minecraft:shield":1,"minecraft:stick":4,"minecraft:iron_ingot":144,"minecraft:iron_pickaxe":1,"minecraft:iron_leggings":1},"minecraft:mined":{"minecraft:dark_oak_planks":1,"minecraft:spruce_planks":12,"immersiveweapons:cloud":3,"minecraft:dark_oak_log":1,"minecraft:red_nether_bricks":1,"minecraft:oak_fence":2,"minecraft:crafting_table":1,"minecraft:ladder":1,"minecraft:grass_block":1,"minecraft:white_stained_glass_pane":1,"minecraft:nether_brick_slab":1,"immersiveweapons:iron_panel_bars":3,"ancient_elements:meteorite_block":2,"minecraft:tall_grass":3,"minecraft:spruce_leaves":3,"minecraft:oak_planks":1,"minecraft:spawner":4,"minecraft:waxed_weathered_copper":1,"immersiveweapons:iron_panel":1,"immersiveweapons:cloud_marble":1,"minecraft:birch_planks":1,"minecraft:purple_bed":3,"minecraft:magma_block":2,"minecraft:stripped_spruce_wood":1,"minecraft:sweet_berry_bush":1,"minecraft:fire":1,"minecraft:spruce_log":64,"cyclic:flower_cyan":1,"minecraft:grass":1,"projectvibrantjourneys:short_grass":6,"minecraft:cyan_carpet":1,"minecraft:dirt":2,"minecraft:cobweb":1,"minecraft:stripped_mangrove_wood":3,"immersiveweapons:rusted_iron_block":1,"minecraft:waxed_exposed_copper":1,"minecraft:iron_block":16,"minecraft:fern":1},"minecraft:picked_up":{"minecraft:magma_block":2,"minecraft:crafting_table":1,"minecraft:black_bed":1,"immersiveweapons:copper_axe":1,"paraglider:spirit_orb":8,"minecraft:birch_planks":1,"immersiveweapons:pliers":1,"minecraft:string":1,"minecraft:dirt":3,"cyclic:flower_cyan":1,"bhc:red_heart":1,"minecraft:bone":2,"ancient_elements:meteorite_block":1,"minecraft:apple":3,"irons_spellbooks:arcane_essence":3,"minecraft:waxed_weathered_copper":1,"minecraft:spruce_planks":9,"minecraft:iron_ingot":1,"minecraft:oak_planks":1,"minecraft:waxed_exposed_copper":1,"immersiveweapons:iron_musket_ball":3,"minecraft:egg":1,"immersiveweapons:rusted_iron_block":1,"projectvibrantjourneys:light_brown_bark_mushroom":2,"minecraft:stick":18,"immersiveweapons:flintlock_pistol":1,"immersiveweapons:cloud_marble":1,"minecraft:torch":1,"minecraft:porkchop":2,"minecraft:spruce_sapling":14,"minecraft:nether_brick_slab":1,"tombstone:grave_dust":1,"immersiveweapons:iron_panel_bars":3,"minecraft:spruce_log":66,"minecraft:arrow":2,"minecraft:purple_bed":3,"minecraft:rotten_flesh":5,"minecraft:iron_block":16,"minecraft:bread":1,"projectvibrantjourneys:orange_bark_mushroom":2,"minecraft:mutton":8,"minecraft:white_wool":2,"minecraft:cobblestone":5}},"DataVersion":3465}